1-nanopore- sum,A1,C1,G1,T1,N1,GAP1,2-Illumina- sum,A2,C2,G2,T2,N2,GAP2
1177,1133,1,0,43,0,0,714,202,176,33,303,0,0
1177,0,44,2,1131,0,0,714,139,138,27,410,0,0
1177,1,1131,45,0,0,0,714,132,97,12,473,0,0
1177,1,0,0,1176,0,0,714,166,176,83,289,0,0
1177,43,1,1131,2,0,0,714,75,171,204,263,1,0
1177,0,43,0,1134,0,0,714,278,157,133,145,1,0
1177,2,0,43,1132,0,0,714,164,214,90,245,1,0
1177,0,1131,0,46,0,0,714,171,292,37,211,3,0
1177,2,1,43,1131,0,0,714,128,209,26,350,1,0
1177,0,1133,44,0,0,0,714,54,303,30,326,1,0
1177,1,45,0,1131,0,0,714,117,290,23,283,1,0
1177,1131,0,0,46,0,0,714,83,288,37,305,1,0
1177,1130,1,1,45,0,0,714,82,252,144,235,1,0
1177,1131,2,0,44,0,0,714,168,85,135,325,1,0
1177,0,1134,43,0,0,0,714,201,70,215,227,1,0
1177,0,2,1174,1,0,0,714,211,95,271,136,1,0
1177,1176,0,0,1,0,0,714,286,113,143,171,1,0
1177,1131,0,46,0,0,0,714,304,125,121,163,1,0
1177,43,1131,2,1,0,0,714,301,201,49,162,1,0
1177,1,43,0,1133,0,0,714,141,255,81,236,1,0
1177,2,0,1,1174,0,0,714,204,140,195,174,1,0
1177,3,43,0,1131,0,0,714,186,109,111,307,1,0
1177,1131,45,0,1,0,0,714,228,95,82,308,1,0
1177,1133,1,43,0,0,0,714,123,304,32,254,1,0
1177,1133,0,0,44,0,0,714,87,322,11,293,1,0
1177,1133,0,44,0,0,0,714,210,285,30,188,1,0
1177,0,2,43,1132,0,0,714,223,202,22,266,1,0
1177,43,1133,0,1,0,0,714,275,226,14,198,1,0
1177,2,1,43,1131,0,0,714,316,224,32,141,1,0
1177,2,0,1174,1,0,0,714,472,136,18,87,1,0
1177,43,3,0,1131,0,0,714,407,200,39,67,1,0
1177,0,2,1174,1,0,0,714,231,267,147,68,1,0
1177,3,0,43,1131,0,0,714,223,176,125,189,1,0
1177,3,0,1131,43,0,0,714,268,146,109,190,1,0
1177,1,45,1131,0,0,0,714,255,180,54,224,1,0
1177,0,1132,0,45,0,0,714,167,254,32,260,1,0
1177,0,0,1,1176,0,0,714,67,176,126,344,1,0
1177,44,0,1131,2,0,0,714,137,78,36,462,1,0
1177,1,2,0,1174,0,0,714,179,54,49,431,1,0
1177,0,1175,2,0,0,0,714,294,135,25,259,1,0
1177,1176,0,0,1,0,0,714,371,105,30,207,1,0
1177,0,1131,43,3,0,0,714,396,140,84,93,1,0
1177,43,2,0,1132,0,0,714,322,45,34,312,1,0
1177,1,1131,43,2,0,0,714,144,186,42,341,1,0
1177,3,2,1172,0,0,0,714,60,198,150,305,1,0
1177,1,43,1131,2,0,0,714,62,115,163,374,0,0
1177,44,1131,0,2,0,0,714,141,112,183,278,0,0
1177,0,43,2,1132,0,0,714,46,51,332,285,0,0
1177,0,1,1174,2,0,0,714,142,39,184,349,0,0
1177,2,1128,0,47,0,0,714,49,44,300,321,0,0
1177,1131,43,3,0,0,0,714,60,146,282,226,0,0
1177,45,0,0,1132,0,0,714,101,180,213,220,0,0
1177,43,0,1132,2,0,0,714,61,163,281,209,0,0
1177,0,1176,0,1,0,0,714,115,106,191,302,0,0
1177,43,0,1,1133,0,0,714,92,81,142,399,0,0
1177,0,0,3,1174,0,0,714,93,312,90,219,0,0
1177,1131,44,0,2,0,0,714,180,204,46,284,0,0
1177,0,0,1131,46,0,0,714,150,354,79,131,0,0
1177,0,2,1,1174,0,0,714,132,188,37,357,0,0
1177,43,0,1131,3,0,0,714,189,254,44,227,0,0
1177,43,1134,0,0,0,0,714,174,215,179,146,0,0
1177,1175,0,0,2,0,0,714,180,133,265,136,0,0
1177,2,1132,43,0,0,0,714,76,329,227,82,0,0
1177,45,0,0,1132,0,0,714,88,137,254,235,0,0
1177,2,1132,0,43,0,0,714,218,140,188,168,0,0
1177,1131,2,44,0,0,0,714,232,204,144,134,0,0
1177,0,1131,46,0,0,0,714,262,234,116,102,0,0
1177,2,44,1131,0,0,0,714,177,159,76,302,0,0
1177,45,1131,0,1,0,0,714,123,92,205,294,0,0
1177,1131,45,1,0,0,0,714,147,172,137,258,0,0
1177,0,1,1131,45,0,0,714,202,155,96,261,0,0
1177,1,0,0,1176,0,0,714,162,158,69,325,0,0
1177,1131,0,43,3,0,0,714,288,71,61,293,1,0
1177,2,0,1,1174,0,0,714,251,40,189,233,1,0
1177,1133,1,43,0,0,0,714,127,40,184,362,1,0
1177,1133,0,43,1,0,0,714,110,153,269,181,1,0
1177,2,43,0,1132,0,0,714,87,166,206,254,1,0
1177,1,0,0,1176,0,0,714,204,181,235,93,1,0
1177,1131,2,1,43,0,0,714,180,253,96,184,1,0
1177,1174,0,0,3,0,0,714,107,198,158,250,1,0
1177,0,0,46,1131,0,0,714,61,289,57,306,1,0
1177,1131,1,0,45,0,0,714,152,198,187,176,1,0
1177,1175,0,2,0,0,0,714,134,270,219,90,1,0
1177,0,1132,43,2,0,0,714,95,299,205,114,1,0
1177,43,0,2,1132,0,0,714,67,258,214,174,1,0
1177,1174,1,2,0,0,0,714,161,202,228,122,1,0
1177,1132,2,43,0,0,0,714,128,128,282,175,1,0
1177,0,1,0,1176,0,0,714,125,177,223,188,1,0
1177,0,0,3,1174,0,0,714,289,116,131,177,1,0
1177,1131,1,43,2,0,0,714,154,167,77,315,1,0
1177,44,1133,0,0,0,0,714,270,68,102,274,0,0
1177,45,0,1,1131,0,0,714,289,191,51,183,0,0
1177,43,2,1131,1,0,0,714,219,109,138,248,0,0
1177,44,0,0,1133,0,0,714,200,87,132,295,0,0
1177,43,1133,0,1,0,0,714,226,192,60,236,0,0
1177,1,0,1176,0,0,0,714,272,67,66,309,0,0
